{"cameraMode":{"drawMode":0,"name":"Shaded","section":"Shading Mode"},"sceneLighting":true,"audioPlay":false,"sceneViewState":{"m_AlwaysRefresh":true,"showFog":true,"showSkybox":true,"showFlares":true,"showImageEffects":true,"showParticleSystems":true,"showVisualEffectGraphs":true,"m_FxEnabled":true},"in2DMode":false,"pivot":{"x":562.0072021484375,"y":485.4179382324219,"z":-5.38116455078125},"rotation":{"x":0.025798678398132325,"y":0.03602677956223488,"z":-0.0006510601378977299,"w":0.999142587184906},"size":399.29998779296877,"orthographic":false}