{"cameraMode":{"drawMode":0,"name":"Shaded","section":"Shading Mode"},"sceneLighting":true,"audioPlay":false,"sceneViewState":{"m_AlwaysRefresh":true,"showFog":true,"showSkybox":true,"showFlares":true,"showImageEffects":true,"showParticleSystems":true,"showVisualEffectGraphs":true,"m_FxEnabled":true},"in2DMode":false,"pivot":{"x":-2.9810664653778078,"y":1.4766089916229249,"z":-3.013909339904785},"rotation":{"x":0.16764110326766969,"y":0.46002379059791567,"z":-0.08871981501579285,"w":0.8675397038459778},"size":4.973993301391602,"orthographic":false}